marketing_collateral_id,project_id,project_title,project_location,thumb_full,folders,total_assets
148487,148480,Greenz,"Academic City, DUBAI",https://danubeproperties.com/wp-content/uploads/2026/03/eer.jpg,"['amenities', 'interiors', 'exteriors', 'floor-plans', 'social-media', 'walkthrough', 'brochures', 'videos', 'other']",79
148529,139525,Breez,DUBAI MARITIME CITY,https://danubeproperties.com/wp-content/uploads/2025/09/featured.webp,"['amenities', 'exteriors', 'interiors', 'brochures', 'floor-plans', 'videos']",38
148528,144196,Shahrukhz,Sheikh Zayed Road,https://danubeproperties.com/wp-content/uploads/2025/11/featured_srk.webp,"['amenities', 'exteriors', 'interiors', 'brochures', 'floor-plans', 'videos']",32
148527,146620,Serenz,Jumeirah Village Circle,https://danubeproperties.com/wp-content/uploads/2026/01/featured.webp,"['amenities', 'exteriors', 'interiors', 'brochures', 'social-media', 'floor-plans', 'videos']",52
148526,135464,Aspirz,"Sports City, Dubai",https://danubeproperties.com/wp-content/uploads/2025/06/Aspirz_Exterior_Day-1.webp,"['brochures', 'factsheet', 'floor-plans', 'renders', 'videos']",45
148525,131949,Sparklz,"Al Furjan, DUBAI",https://danubeproperties.com/wp-content/uploads/2025/04/sparklz3z2.jpg,"['amenities', 'exteriors', 'interiors', 'brochures', 'factsheet', 'walkthrough', 'videos']",42
151207,19775,DIAMONDZ,"Jumeirah Lake Towers, DUBAI",https://danubeproperties.com/wp-content/uploads/2024/04/banner-1.jpg,"['brochures', 'floor-plans', 'renders', 'walkthrough', 'videos']",65
148524,130541,Timez,"Dubai Silicon Oasis, DUBAI",https://danubeproperties.com/wp-content/uploads/2025/02/exterior-2.jpg,"['amenities', 'exteriors', 'interiors', 'brochures', 'factsheet', 'social-media', 'floor-plans', 'videos']",34
148523,28342,Bayz 102,"BUSINESS BAY, DUBAI",https://danubeproperties.com/wp-content/uploads/2025/08/bg-image-bayz102.jpg,"['amenities', 'exteriors', 'interiors', 'brochures', 'factsheet', 'floor-plans', 'renders', 'videos']",48
148522,28760,Oasiz,"Dubai Silicon Oasis, DUBAI",https://danubeproperties.com/wp-content/uploads/2025/03/oasiz.jpg,"['amenities', 'exteriors', 'interiors', 'brochures', 'factsheet', 'floor-plans', 'brokers-social-media', 'videos']",40
148521,29654,Oasiz 2,"Dubai Silicon Oasis, DUBAI",https://danubeproperties.com/wp-content/uploads/2025/02/oasiz2.jpg,"['brochures', 'floor-plans', 'renders']",7
148520,14576,BAYZ101,"BUSINESS BAY, DUBAI",https://danubeproperties.com/wp-content/uploads/2024/02/Day_view-1.jpg,"['amenities', 'exteriors', 'interiors', 'brochures', 'factsheet', 'floor-plans', 'videos']",34
150663,18738,BAYZ,"BUSINESS BAY, DUBAI",https://danubeproperties.com/wp-content/uploads/2024/03/Entrance-9.jpg,"['brochures', 'floor-plans', 'walkthrough', 'interiors', 'exteriors', 'amenities', 'videos']",7
148519,14963,OCEANZ,"DUBAI MARITIME CITY, DUBAI",https://danubeproperties.com/wp-content/uploads/2024/02/1920x1080_Oceanz.jpg,"['amenities', 'exteriors', 'interiors', 'brochures', 'floor-plans', 'videos', 'factsheet', 'other']",29
148518,15407,SPORTZ,"SPORTS CITY, DUBAI",https://danubeproperties.com/wp-content/uploads/2024/02/1920x1080_Sportz.jpg,"['amenities', 'exteriors', 'interiors', 'brochures', 'factsheet', 'floor-plans', 'videos']",29
148517,15933,ELITZ 3,"Jumeirah Village Circle, DUBAI",https://danubeproperties.com/wp-content/uploads/2024/03/Exterior-1.jpg,"['amenities', 'exteriors', 'interiors', 'brochures', 'factsheet', 'floor-plans', 'walkthrough', 'videos']",51
148516,16354,Elitz 2,"Jumeirah Village Circle, DUBAI",https://danubeproperties.com/wp-content/uploads/2024/03/Exterior-8.jpg,"['amenities', 'exteriors', 'interiors', 'brochures', 'factsheet']",53
148515,15405,FASHIONZ,"Jumeirah Village Triangle, DUBAI",https://danubeproperties.com/wp-content/uploads/2024/02/1920x1080_Fashionz.jpg,"['brochures', 'factsheet', 'floor-plans', 'renders', 'videos']",47
148514,16856,Viewz,,https://danubeproperties.com/wp-content/uploads/2024/03/viewz-danube.webp,"['exteriors', 'interiors', 'brochures', 'renders', 'videos']",37
148513,16322,Elitz,"Jumeirah Village Circle, DUBAI",https://danubeproperties.com/wp-content/uploads/2024/03/Exterior-5.jpg,"['amenities', 'brochures', 'floor-plans', 'renders']",30
148512,16739,Petalz,"Al Warsan, DUBAI",https://danubeproperties.com/wp-content/uploads/2024/03/Day_View.jpg,"['floor-plans', 'videos']",2
148511,16797,Skyz,Arjan,https://danubeproperties.com/wp-content/uploads/2024/03/landscape-2-1.jpg,"['brochures', 'videos', 'amenities']",7
148509,16683,Opalz,"Dubai Science Park, DUBAI",https://danubeproperties.com/wp-content/uploads/2024/03/Exterior-39.jpg,"['brochures', 'floor-plans', 'videos']",4
148507,16412,Gemz,"Al Furjan, DUBAI",https://danubeproperties.com/wp-content/uploads/2024/03/exterior-14.jpg,"['brochures', 'videos']",5
148506,16714,Pearlz,"Furjan, DUBAI",https://danubeproperties.com/wp-content/uploads/2024/03/exterior-41.jpg,['brochures'],1
148505,16562,Jewelz,"Arjan, DUBAI",https://danubeproperties.com/wp-content/uploads/2024/03/Jewelz.jpg,"['brochures', 'floor-plans', 'videos']",4
148504,16886,Wavez,"Liwan, DUBAI",https://danubeproperties.com/wp-content/uploads/2024/03/multi-purpose-hall.jpg,"['brochures', 'floor-plans']",2
148503,15389,ELEGANZ,"Jumeirah Village Circle, DUBAI",https://danubeproperties.com/wp-content/uploads/2024/02/1920x1080_Eleganz.jpg,"['brochures', 'factsheet', 'floor-plans', 'videos']",8
148502,16653,Olivz,"Al Warsan First, DUBAI",https://danubeproperties.com/wp-content/uploads/2024/03/exterir.jpg,"['brochures', 'floor-plans']",2
148501,16384,Elz,"Arjan, DUBAI",https://danubeproperties.com/wp-content/uploads/2024/03/exterior-11.jpg,"['brochures', 'floor-plans']",8
148500,16592,Lawnz,"International City, DUBAI",https://danubeproperties.com/wp-content/uploads/2024/03/exterior-31.jpg,"['brochures', 'floor-plans']",7
148499,16622,Miraclz,"Arjan, DUBAI",https://danubeproperties.com/wp-content/uploads/2024/03/exterior-35.jpg,"['brochures', 'floor-plans']",6
148498,16769,Resortz,"Arjan, DUBAI",https://danubeproperties.com/wp-content/uploads/2024/03/Exterior-46.jpg,"['brochures', 'floor-plans', 'videos', 'walkthrough']",4
148497,16443,Glamz,"Al Furjan, DUBAI",https://danubeproperties.com/wp-content/uploads/2024/03/exterior2-4.jpg,"['floor-plans', 'videos']",8
148485,16826,Starz,"Al Furjan, DUBAI",https://danubeproperties.com/wp-content/uploads/2024/03/exterior-54.jpg,"['brochures', 'floor-plans', 'walkthrough']",3
148484,16532,Glitz 3,"Dubai Studio City, DUBAI",https://danubeproperties.com/wp-content/uploads/2024/03/night-view.jpg,"['brochures', 'floor-plans']",3
148483,16503,Glitz 2,"Dubai Studio City, DUBAI",https://danubeproperties.com/wp-content/uploads/2024/03/exterior-25.jpg,"['floor-plans', 'videos']",2
148482,16473,Glitz 1,"Dubai Studio City, DUBAI",https://danubeproperties.com/wp-content/uploads/2024/03/exterior-22.jpg,['floor-plans'],1
148267,15973,Dreamz,"Al Furjan, DUBAI",https://danubeproperties.com/wp-content/uploads/2024/03/exterier.jpg,"['brochures', 'floor-plans', 'videos']",3
